Basin,Name,Date,Time,Indicator,Status,Latitude,Longitude,Max_Wind_Speed,Min_Pressure,34kt_NE,34kt_SE,34kt_SW,34kt_NW,50kt_NE,50kt_SE,50kt_SW,50kt_NW,64kt_NE,64kt_SE,64kt_SW,64kt_NW,Radius_Max_Wind,Year,In_Florida
AL061900,UNNAMED,19001012,300,L,TS,29.5,-83.3,40,-999,-999,-999,-999,-999,-999,-999,-999,-999,-999,-999,-999,-999,-999,1900,True
AL011901,UNNAMED,19010613,2100,L,TS,29.9,-84.6,35,-999,-999,-999,-999,-999,-999,-999,-999,-999,-999,-999,-999,-999,-999,1901,True
AL041901,UNNAMED,19010810,2200,L,TS,26.3,-80.1,40,-999,-999,-999,-999,-999,-999,-999,-999,-999,-999,-999,-999,-999,-999,1901,True
AL081901,UNNAMED,19010917,2000,L,TS,30.4,-86.6,50,-999,-999,-999,-999,-999,-999,-999,-999,-999,-999,-999,-999,-999,-999,1901,True
AL101901,UNNAMED,19010928,300,L,TS,29.9,-84.6,40,-999,-999,-999,-999,-999,-999,-999,-999,-999,-999,-999,-999,-999,-999,1901,True
AL011902,UNNAMED,19020614,2300,L,TS,29.8,-83.7,50,-999,-999,-999,-999,-999,-999,-999,-999,-999,-999,-999,-999,-999,-999,1902,True
AL041902,UNNAMED,19021010,2100,L,TS,30.3,-87.3,50,-999,-999,-999,-999,-999,-999,-999,-999,-999,-999,-999,-999,-999,-999,1902,True
AL031903,UNNAMED,19030911,2300,L,HU,26.1,-80.1,75,976,-999,-999,-999,-999,-999,-999,-999,-999,-999,-999,-999,-999,-999,1903,True
AL031903,UNNAMED,19030913,2300,L,HU,30.1,-85.6,80,-999,-999,-999,-999,-999,-999,-999,-999,-999,-999,-999,-999,-999,45,1903,True
AL041904,UNNAMED,19041017,800,L,HU,25.3,-80.3,70,-999,-999,-999,-999,-999,-999,-999,-999,-999,-999,-999,-999,-999,-999,1904,True
AL041904,UNNAMED,19041020,1000,L,TS,25.5,-81.2,35,-999,-999,-999,-999,-999,-999,-999,-999,-999,-999,-999,-999,-999,-999,1904,True
AL061904,UNNAMED,19041103,1200,L,TS,30.3,-86.7,35,-999,-999,-999,-999,-999,-999,-999,-999,-999,-999,-999,-999,-999,-999,1904,True
AL011906,UNNAMED,19060612,2000,L,TS,30.1,-85.6,45,-999,-999,-999,-999,-999,-999,-999,-999,-999,-999,-999,-999,-999,-999,1906,True
AL021906,UNNAMED,19060617,300,L,HU,24.7,-81.1,70,-999,-999,-999,-999,-999,-999,-999,-999,-999,-999,-999,-999,-999,-999,1906,True
AL021906,UNNAMED,19060617,800,L,HU,25.2,-80.7,75,979,-999,-999,-999,-999,-999,-999,-999,-999,-999,-999,-999,-999,25,1906,True
AL081906,UNNAMED,19061018,1000,L,HU,24.7,-81.1,105,-999,-999,-999,-999,-999,-999,-999,-999,-999,-999,-999,-999,-999,10,1906,True
AL081906,UNNAMED,19061018,1200,L,HU,25.3,-80.7,105,953,-999,-999,-999,-999,-999,-999,-999,-999,-999,-999,-999,-999,10,1906,True
AL081906,UNNAMED,19061021,900,L,TS,30.0,-81.4,50,-999,-999,-999,-999,-999,-999,-999,-999,-999,-999,-999,-999,-999,-999,1906,True
AL011907,UNNAMED,19070628,2300,L,TS,30.3,-85.9,50,-999,-999,-999,-999,-999,-999,-999,-999,-999,-999,-999,-999,-999,-999,1907,True
AL031907,UNNAMED,19070928,2000,L,TS,30.1,-85.7,45,-999,-999,-999,-999,-999,-999,-999,-999,-999,-999,-999,-999,-999,-999,1907,True
AL031909,UNNAMED,19090628,2000,L,TS,26.0,-80.1,45,-999,-999,-999,-999,-999,-999,-999,-999,-999,-999,-999,-999,-999,-999,1909,True
AL031909,UNNAMED,19090630,1400,L,TS,30.1,-84.1,35,-999,-999,-999,-999,-999,-999,-999,-999,-999,-999,-999,-999,-999,-999,1909,True
AL081909,UNNAMED,19090829,900,L,TS,26.4,-80.1,45,-999,-999,-999,-999,-999,-999,-999,-999,-999,-999,-999,-999,-999,-999,1909,True
AL111909,UNNAMED,19091011,1800,L,HU,24.7,-81.0,100,957,-999,-999,-999,-999,-999,-999,-999,-999,-999,-999,-999,-999,20,1909,True
AL051910,UNNAMED,19101018,600,L,HU,26.5,-82.0,95,955,-999,-999,-999,-999,-999,-999,-999,-999,-999,-999,-999,-999,30,1910,True
AL021911,UNNAMED,19110811,2200,L,HU,30.3,-87.5,70,-999,-999,-999,-999,-999,-999,-999,-999,-999,-999,-999,-999,-999,-999,1911,True
AL011914,UNNAMED,19140917,700,L,TS,30.6,-81.4,60,-999,-999,-999,-999,-999,-999,-999,-999,-999,-999,-999,-999,-999,-999,1914,True
AL011915,UNNAMED,19150801,1800,L,HU,28.7,-80.8,65,990,-999,-999,-999,-999,-999,-999,-999,-999,-999,-999,-999,-999,15,1915,True
AL041915,UNNAMED,19150904,1100,L,HU,30.0,-85.4,80,-999,-999,-999,-999,-999,-999,-999,-999,-999,-999,-999,-999,-999,25,1915,True
AL011916,UNNAMED,19160514,600,L,TS,25.1,-81.0,35,1006,-999,-999,-999,-999,-999,-999,-999,-999,-999,-999,-999,-999,-999,1916,True
AL071916,UNNAMED,19160825,800,L,TS,25.6,-80.3,40,-999,-999,-999,-999,-999,-999,-999,-999,-999,-999,-999,-999,-999,-999,1916,True
AL141916,UNNAMED,19161018,1400,L,HU,30.4,-87.4,95,970,-999,-999,-999,-999,-999,-999,-999,-999,-999,-999,-999,-999,20,1916,True
AL041917,UNNAMED,19170929,200,L,HU,30.4,-86.6,100,949,-999,-999,-999,-999,-999,-999,-999,-999,-999,-999,-999,-999,40,1917,True
AL011919,UNNAMED,19190704,1100,L,TS,30.4,-87.0,55,995,-999,-999,-999,-999,-999,-999,-999,-999,-999,-999,-999,-999,-999,1919,True
AL021919,UNNAMED,19190910,700,L,HU,24.6,-82.9,130,927,-999,-999,-999,-999,-999,-999,-999,-999,-999,-999,-999,-999,15,1919,True
AL051920,UNNAMED,19200930,900,L,TS,28.9,-82.9,55,-999,-999,-999,-999,-999,-999,-999,-999,-999,-999,-999,-999,-999,-999,1920,True
AL061921,UNNAMED,19211025,2000,L,HU,28.1,-82.8,100,958,-999,-999,-999,-999,-999,-999,-999,-999,-999,-999,-999,-999,20,1921,True
AL051924,UNNAMED,19240915,1400,L,HU,29.7,-85.3,75,980,-999,-999,-999,-999,-999,-999,-999,-999,-999,-999,-999,-999,-999,1924,True
AL081924,UNNAMED,19240929,2100,L,TS,30.0,-84.0,55,-999,-999,-999,-999,-999,-999,-999,-999,-999,-999,-999,-999,-999,-999,1924,True
AL101924,UNNAMED,19241021,100,L,HU,25.8,-81.8,80,975,-999,-999,-999,-999,-999,-999,-999,-999,-999,-999,-999,-999,20,1924,True
AL041925,UNNAMED,19251201,300,L,TS,26.3,-81.9,55,-999,-999,-999,-999,-999,-999,-999,-999,-999,-999,-999,-999,-999,-999,1925,True
AL011926,UNNAMED,19260728,1000,L,HU,29.0,-80.8,90,967,-999,-999,-999,-999,-999,-999,-999,-999,-999,-999,-999,-999,15,1926,True
AL071926,UNNAMED,19260918,1200,L,HU,25.6,-80.3,125,930,-999,-999,-999,-999,-999,-999,-999,-999,-999,-999,-999,-999,20,1926,True
AL071926,UNNAMED,19260920,2200,L,HU,30.3,-87.5,100,955,-999,-999,-999,-999,-999,-999,-999,-999,-999,-999,-999,-999,15,1926,True
AL011928,UNNAMED,19280808,700,L,HU,27.3,-80.2,85,977,-999,-999,-999,-999,-999,-999,-999,-999,-999,-999,-999,-999,10,1928,True
AL011928,UNNAMED,19280810,400,L,TS,30.0,-84.3,35,-999,-999,-999,-999,-999,-999,-999,-999,-999,-999,-999,-999,-999,-999,1928,True
AL021928,UNNAMED,19280813,300,L,TS,24.7,-81.4,60,-999,-999,-999,-999,-999,-999,-999,-999,-999,-999,-999,-999,-999,-999,1928,True
AL021928,UNNAMED,19280814,1400,L,TS,29.9,-84.7,45,-999,-999,-999,-999,-999,-999,-999,-999,-999,-999,-999,-999,-999,-999,1928,True
AL041928,UNNAMED,19280917,0,L,HU,26.7,-80.0,125,929,-999,-999,-999,-999,-999,-999,-999,-999,-999,-999,-999,-999,30,1928,True
AL021929,UNNAMED,19290928,1300,L,HU,25.0,-80.5,100,948,-999,-999,-999,-999,-999,-999,-999,-999,-999,-999,-999,-999,30,1929,True
AL021929,UNNAMED,19291001,400,L,HU,30.2,-85.7,70,975,-999,-999,-999,-999,-999,-999,-999,-999,-999,-999,-999,-999,-999,1929,True
AL021930,UNNAMED,19300909,900,L,TS,27.5,-82.7,40,-999,-999,-999,-999,-999,-999,-999,-999,-999,-999,-999,-999,-999,-999,1930,True
AL031932,UNNAMED,19320830,400,L,TS,25.3,-80.3,55,-999,-999,-999,-999,-999,-999,-999,-999,-999,-999,-999,-999,-999,-999,1932,True
AL061932,UNNAMED,19320915,400,L,TS,30.0,-83.9,50,-999,-999,-999,-999,-999,-999,-999,-999,-999,-999,-999,-999,-999,-999,1932,True
AL051933,UNNAMED,19330730,1600,L,HU,27.1,-80.1,65,988,-999,-999,-999,-999,-999,-999,-999,-999,-999,-999,-999,-999,25,1933,True
AL111933,UNNAMED,19330904,500,L,HU,26.9,-80.1,110,948,-999,-999,-999,-999,-999,-999,-999,-999,-999,-999,-999,-999,15,1933,True
AL111933,UNNAMED,19330905,400,L,TS,29.2,-82.9,55,-999,-999,-999,-999,-999,-999,-999,-999,-999,-999,-999,-999,-999,-999,1933,True
AL111934,UNNAMED,19341006,100,L,TS,30.3,-87.4,45,-999,-999,-999,-999,-999,-999,-999,-999,-999,-999,-999,-999,-999,-999,1934,True
AL031935,UNNAMED,19350903,200,L,HU,24.8,-80.8,160,892,-999,-999,-999,-999,-999,-999,-999,-999,-999,-999,-999,-999,5,1935,True
AL031935,UNNAMED,19350904,2200,L,HU,29.6,-83.4,85,965,-999,-999,-999,-999,-999,-999,-999,-999,-999,-999,-999,-999,20,1935,True
AL071935,UNNAMED,19351104,1800,L,HU,25.9,-80.1,85,973,-999,-999,-999,-999,-999,-999,-999,-999,-999,-999,-999,-999,10,1935,True
AL011936,UNNAMED,19360615,800,L,TS,25.9,-81.7,40,-999,-999,-999,-999,-999,-999,-999,-999,-999,-999,-999,-999,-999,-999,1936,True
AL051936,UNNAMED,19360729,200,L,TS,25.3,-80.3,55,995,-999,-999,-999,-999,-999,-999,-999,-999,-999,-999,-999,-999,-999,1936,True
AL051936,UNNAMED,19360731,1400,L,HU,30.4,-86.6,90,964,-999,-999,-999,-999,-999,-999,-999,-999,-999,-999,-999,-999,20,1936,True
AL091936,UNNAMED,19360821,2200,L,TS,28.9,-80.8,50,-999,-999,-999,-999,-999,-999,-999,-999,-999,-999,-999,-999,-999,-999,1936,True
AL011937,UNNAMED,19370729,2200,L,TS,28.1,-82.8,55,-999,-999,-999,-999,-999,-999,-999,-999,-999,-999,-999,-999,-999,-999,1937,True
AL031937,UNNAMED,19370830,1400,L,TS,29.1,-80.9,60,-999,-999,-999,-999,-999,-999,-999,-999,-999,-999,-999,-999,-999,-999,1937,True
AL071937,UNNAMED,19370920,1600,L,TS,29.7,-85.4,35,-999,-999,-999,-999,-999,-999,-999,-999,-999,-999,-999,-999,-999,-999,1937,True
AL011939,UNNAMED,19390616,1300,L,TS,30.3,-87.6,50,-999,-999,-999,-999,-999,-999,-999,-999,-999,-999,-999,-999,-999,-999,1939,True
AL021939,UNNAMED,19390811,2300,L,HU,27.2,-80.2,65,-999,-999,-999,-999,-999,-999,-999,-999,-999,-999,-999,-999,-999,-999,1939,True
AL021939,UNNAMED,19390813,600,L,HU,30.4,-86.4,65,985,-999,-999,-999,-999,-999,-999,-999,-999,-999,-999,-999,-999,-999,1939,True
AL051941,UNNAMED,19411006,1000,L,HU,25.5,-80.2,85,-999,-999,-999,-999,-999,-999,-999,-999,-999,-999,-999,-999,-999,10,1941,True
AL051941,UNNAMED,19411006,1100,L,HU,25.5,-80.3,85,-999,-999,-999,-999,-999,-999,-999,-999,-999,-999,-999,-999,-999,10,1941,True
AL051941,UNNAMED,19411007,900,L,HU,29.9,-84.6,80,982,-999,-999,-999,-999,-999,-999,-999,-999,-999,-999,-999,-999,20,1941,True
AL061941,UNNAMED,19411020,1400,L,TS,29.0,-83.0,40,1004,-999,-999,-999,-999,-999,-999,-999,-999,-999,-999,-999,-999,-999,1941,True
AL131944,UNNAMED,19441018,2100,L,HU,24.6,-82.9,105,949,-999,-999,-999,-999,-999,-999,-999,-999,-999,-999,-999,-999,30,1944,True
AL131944,UNNAMED,19441019,700,L,HU,27.2,-82.5,90,962,-999,-999,-999,-999,-999,-999,-999,-999,-999,-999,-999,-999,35,1944,True
AL011945,UNNAMED,19450624,800,L,HU,28.6,-82.7,70,-999,-999,-999,-999,-999,-999,-999,-999,-999,-999,-999,-999,-999,-999,1945,True
AL071945,UNNAMED,19450905,0,L,TS,26.5,-82.1,35,-999,-999,-999,-999,-999,-999,-999,-999,-999,-999,-999,-999,-999,-999,1945,True
AL091945,UNNAMED,19450915,1930,L,HU,25.3,-80.3,115,949,-999,-999,-999,-999,-999,-999,-999,-999,-999,-999,-999,-999,10,1945,True
AL091945,UNNAMED,19450915,2000,L,HU,25.4,-80.4,115,949,-999,-999,-999,-999,-999,-999,-999,-999,-999,-999,-999,-999,10,1945,True
AL061946,UNNAMED,19461008,200,L,HU,27.5,-82.6,75,980,-999,-999,-999,-999,-999,-999,-999,-999,-999,-999,-999,-999,35,1946,True
AL071946,UNNAMED,19461101,2200,L,TS,26.6,-80.1,40,1002,-999,-999,-999,-999,-999,-999,-999,-999,-999,-999,-999,-999,-999,1946,True
AL041947,UNNAMED,19470917,1630,L,HU,26.1,-80.1,115,943,-999,-999,-999,-999,-999,-999,-999,-999,-999,-999,-999,-999,15,1947,True
AL061947,UNNAMED,19470923,2200,L,TS,28.9,-82.7,55,-999,-999,-999,-999,-999,-999,-999,-999,-999,-999,-999,-999,-999,-999,1947,True
AL071947,UNNAMED,19471007,400,L,TS,30.8,-81.5,50,-999,-999,-999,-999,-999,-999,-999,-999,-999,-999,-999,-999,-999,-999,1947,True
AL091947,UNNAMED,19471012,200,L,HU,25.4,-81.2,80,975,-999,-999,-999,-999,-999,-999,-999,-999,-999,-999,-999,-999,-999,1947,True
AL021948,UNNAMED,19480709,700,L,TS,30.3,-87.3,35,-999,-999,-999,-999,-999,-999,-999,-999,-999,-999,-999,-999,-999,-999,1948,True
AL081948,UNNAMED,19480921,1700,L,HU,24.6,-81.6,105,955,-999,-999,-999,-999,-999,-999,-999,-999,-999,-999,-999,-999,10,1948,True
AL081948,UNNAMED,19480922,500,L,HU,25.8,-81.3,115,940,-999,-999,-999,-999,-999,-999,-999,-999,-999,-999,-999,-999,10,1948,True
AL091948,UNNAMED,19481005,1800,L,HU,24.7,-81.2,90,-999,-999,-999,-999,-999,-999,-999,-999,-999,-999,-999,-999,-999,-999,1948,True
AL091948,UNNAMED,19481005,2000,L,HU,25.1,-80.9,90,-999,-999,-999,-999,-999,-999,-999,-999,-999,-999,-999,-999,-999,15,1948,True
AL021949,UNNAMED,19490826,2300,L,HU,26.6,-80.0,115,954,-999,-999,-999,-999,-999,-999,-999,-999,-999,-999,-999,-999,20,1949,True
AL051950,EASY,19500905,1700,L,HU,29.1,-82.8,105,960,-999,-999,-999,-999,-999,-999,-999,-999,-999,-999,-999,-999,15,1950,True
AL051950,EASY,19500906,400,L,HU,28.5,-82.7,90,-999,-999,-999,-999,-999,-999,-999,-999,-999,-999,-999,-999,-999,-999,1950,True
AL111950,KING,19501018,500,L,HU,25.7,-80.2,115,955,-999,-999,-999,-999,-999,-999,-999,-999,-999,-999,-999,-999,5,1950,True
AL131950,LOVE,19501021,1100,L,TS,29.7,-83.4,50,-999,-999,-999,-999,-999,-999,-999,-999,-999,-999,-999,-999,-999,-999,1950,True
AL091951,HOW,19511002,1000,L,TS,26.7,-82.3,55,-999,-999,-999,-999,-999,-999,-999,-999,-999,-999,-999,-999,-999,-999,1951,True
AL011953,ALICE,19530606,1700,L,TS,30.3,-85.9,40,-999,-999,-999,-999,-999,-999,-999,-999,-999,-999,-999,-999,-999,-999,1953,True
AL081953,UNNAMED,19530920,1700,L,TS,29.0,-82.8,35,-999,-999,-999,-999,-999,-999,-999,-999,-999,-999,-999,-999,-999,-999,1953,True
AL091953,FLORENCE,19530926,1500,L,HU,30.3,-86.2,80,-999,-999,-999,-999,-999,-999,-999,-999,-999,-999,-999,-999,-999,-999,1953,True
AL121953,HAZEL,19531009,1500,L,HU,26.7,-82.2,75,-999,-999,-999,-999,-999,-999,-999,-999,-999,-999,-999,-999,-999,-999,1953,True
AL121953,HAZEL,19531009,1600,L,HU,26.7,-82.1,75,-999,-999,-999,-999,-999,-999,-999,-999,-999,-999,-999,-999,-999,-999,1953,True
AL071956,FLOSSY,19560925,0,L,HU,30.4,-86.4,80,974,-999,-999,-999,-999,-999,-999,-999,-999,-999,-999,-999,-999,20,1956,True
AL111956,UNNAMED,19561015,2100,L,TS,25.2,-80.6,50,-999,-999,-999,-999,-999,-999,-999,-999,-999,-999,-999,-999,-999,-999,1956,True
AL011957,UNNAMED,19570609,30,L,TS,30.1,-84.2,45,1000,-999,-999,-999,-999,-999,-999,-999,-999,-999,-999,-999,-999,-999,1957,True
AL051957,DEBBIE,19570908,1700,L,TS,30.3,-86.1,35,-999,-999,-999,-999,-999,-999,-999,-999,-999,-999,-999,-999,-999,-999,1957,True
AL031959,UNNAMED,19590618,800,L,TS,28.0,-82.8,40,1002,-999,-999,-999,-999,-999,-999,-999,-999,-999,-999,-999,-999,-999,1959,True
AL101959,IRENE,19591008,1000,L,TS,30.3,-87.6,40,1000,-999,-999,-999,-999,-999,-999,-999,-999,-999,-999,-999,-999,-999,1959,True
AL111959,JUDITH,19591018,1400,L,TS,26.7,-82.3,55,998,-999,-999,-999,-999,-999,-999,-999,-999,-999,-999,-999,-999,-999,1959,True
AL031960,BRENDA,19600729,600,L,TS,29.7,-83.5,35,-999,-999,-999,-999,-999,-999,-999,-999,-999,-999,-999,-999,-999,-999,1960,True
AL051960,DONNA,19600910,700,L,HU,24.8,-80.9,125,930,-999,-999,-999,-999,-999,-999,-999,-999,-999,-999,-999,-999,20,1960,True
AL051960,DONNA,19600910,1600,L,HU,25.9,-81.6,105,942,-999,-999,-999,-999,-999,-999,-999,-999,-999,-999,-999,-999,20,1960,True
AL051964,CLEO,19640827,800,L,HU,25.8,-80.1,95,968,-999,-999,-999,-999,-999,-999,-999,-999,-999,-999,-999,-999,10,1964,True
AL061964,DORA,19640910,600,L,HU,29.9,-81.3,95,966,-999,-999,-999,-999,-999,-999,-999,-999,-999,-999,-999,-999,5,1964,True
AL111964,ISBELL,19641014,2100,L,HU,25.8,-81.4,90,970,-999,-999,-999,-999,-999,-999,-999,-999,-999,-999,-999,-999,20,1964,True
AL011965,UNNAMED,19650615,1100,L,TS,30.4,-86.9,50,1007,-999,-999,-999,-999,-999,-999,-999,-999,-999,-999,-999,-999,-999,1965,True
AL031965,BETSY,19650908,1100,L,HU,25.0,-80.5,100,952,-999,-999,-999,-999,-999,-999,-999,-999,-999,-999,-999,-999,30,1965,True
AL091965,UNNAMED,19651018,1500,L,TS,29.4,-81.1,55,1004,-999,-999,-999,-999,-999,-999,-999,-999,-999,-999,-999,-999,-999,1965,True
AL011966,ALMA,19660609,2100,L,HU,30.1,-84.2,75,977,-999,-999,-999,-999,-999,-999,-999,-999,-999,-999,-999,-999,30,1966,True
AL091966,INEZ,19661004,1800,L,HU,25.0,-80.5,85,984,-999,-999,-999,-999,-999,-999,-999,-999,-999,-999,-999,-999,15,1966,True
AL091966,INEZ,19661004,2300,L,HU,24.7,-81.3,85,988,-999,-999,-999,-999,-999,-999,-999,-999,-999,-999,-999,-999,20,1966,True
AL091966,INEZ,19661005,200,L,HU,24.6,-81.8,85,988,-999,-999,-999,-999,-999,-999,-999,-999,-999,-999,-999,-999,20,1966,True
AL121966,UNNAMED,19660701,2200,L,TS,29.3,-83.1,40,-999,-999,-999,-999,-999,-999,-999,-999,-999,-999,-999,-999,-999,-999,1966,True
AL011968,ABBY,19680604,1200,L,TS,26.7,-82.3,55,992,-999,-999,-999,-999,-999,-999,-999,-999,-999,-999,-999,-999,-999,1968,True
AL011968,ABBY,19680606,2200,L,TS,30.4,-81.4,55,-999,-999,-999,-999,-999,-999,-999,-999,-999,-999,-999,-999,-999,-999,1968,True
AL141968,GLADYS,19681019,400,L,HU,28.7,-82.7,85,978,-999,-999,-999,-999,-999,-999,-999,-999,-999,-999,-999,-999,10,1968,True
AL231969,UNNAMED,19691001,1600,L,SS,30.4,-86.8,40,999,-999,-999,-999,-999,-999,-999,-999,-999,-999,-999,-999,-999,-999,1969,True
AL241969,JENNY,19691002,2100,L,TS,26.1,-81.8,40,1001,-999,-999,-999,-999,-999,-999,-999,-999,-999,-999,-999,-999,-999,1969,True
AL021970,BECKY,19700722,1000,L,TS,29.7,-85.3,40,1007,-999,-999,-999,-999,-999,-999,-999,-999,-999,-999,-999,-999,-999,1970,True
AL041983,BARRY,19830825,1100,L,TD,27.9,-80.6,30,1013,-999,-999,-999,-999,-999,-999,-999,-999,-999,-999,-999,-999,-999,1983,True
AL111985,ISABEL,19851010,2100,L,TS,30.6,-81.4,35,1008,-999,-999,-999,-999,-999,-999,-999,-999,-999,-999,-999,-999,-999,1985,True
AL131985,KATE,19851121,2230,L,HU,30.0,-85.4,85,967,-999,-999,-999,-999,-999,-999,-999,-999,-999,-999,-999,-999,10,1985,True
AL131987,FLOYD,19871012,2100,L,HU,25.1,-80.5,65,993,-999,-999,-999,-999,-999,-999,-999,-999,-999,-999,-999,-999,10,1987,True
AL121988,KEITH,19881123,700,L,TS,27.3,-82.6,55,995,-999,-999,-999,-999,-999,-999,-999,-999,-999,-999,-999,-999,-999,1988,True
AL041992,ANDREW,19920824,840,L,HU,25.5,-80.2,145,926,-999,-999,-999,-999,-999,-999,-999,-999,-999,-999,-999,-999,-999,1992,True
AL041992,ANDREW,19920824,905,L,HU,25.5,-80.3,145,922,-999,-999,-999,-999,-999,-999,-999,-999,-999,-999,-999,-999,10,1992,True
AL011994,ALBERTO,19940703,1500,L,TS,30.4,-86.5,55,993,-999,-999,-999,-999,-999,-999,-999,-999,-999,-999,-999,-999,-999,1994,True
AL031994,BERYL,19940816,0,L,TS,30.0,-85.6,50,1000,-999,-999,-999,-999,-999,-999,-999,-999,-999,-999,-999,-999,-999,1994,True
AL121994,GORDON,19941115,1300,L,TS,24.6,-81.7,45,999,-999,-999,-999,-999,-999,-999,-999,-999,-999,-999,-999,-999,-999,1994,True
AL121994,GORDON,19941116,1300,L,TS,26.5,-81.9,45,996,-999,-999,-999,-999,-999,-999,-999,-999,-999,-999,-999,-999,-999,1994,True
AL121994,GORDON,19941121,300,L,TD,28.5,-80.6,25,1011,-999,-999,-999,-999,-999,-999,-999,-999,-999,-999,-999,-999,-999,1994,True
AL011995,ALLISON,19950605,1400,L,TS,29.9,-84.4,60,991,-999,-999,-999,-999,-999,-999,-999,-999,-999,-999,-999,-999,-999,1995,True
AL011995,ALLISON,19950605,1500,L,TS,30.1,-84.2,55,991,-999,-999,-999,-999,-999,-999,-999,-999,-999,-999,-999,-999,-999,1995,True
AL051995,ERIN,19950802,615,L,HU,27.7,-80.3,75,984,-999,-999,-999,-999,-999,-999,-999,-999,-999,-999,-999,-999,40,1995,True
AL051995,ERIN,19950803,1600,L,HU,30.3,-87.2,75,973,-999,-999,-999,-999,-999,-999,-999,-999,-999,-999,-999,-999,10,1995,True
AL111995,JERRY,19950823,1800,L,TS,27.0,-80.2,35,1006,-999,-999,-999,-999,-999,-999,-999,-999,-999,-999,-999,-999,-999,1995,True
AL171995,OPAL,19951004,2200,L,HU,30.3,-87.1,100,942,-999,-999,-999,-999,-999,-999,-999,-999,-999,-999,-999,-999,50,1995,True
AL101996,JOSEPHINE,19961008,330,L,TS,30.0,-83.9,60,983,-999,-999,-999,-999,-999,-999,-999,-999,-999,-999,-999,-999,-999,1996,True
AL051998,EARL,19980903,600,L,HU,30.1,-85.7,70,987,-999,-999,-999,-999,-999,-999,-999,-999,-999,-999,-999,-999,70,1998,True
AL071998,GEORGES,19980925,1530,L,HU,24.5,-81.8,90,981,-999,-999,-999,-999,-999,-999,-999,-999,-999,-999,-999,-999,25,1998,True
AL131998,MITCH,19981105,1100,L,TS,26.2,-81.9,55,989,-999,-999,-999,-999,-999,-999,-999,-999,-999,-999,-999,-999,-999,1998,True
AL101999,HARVEY,19990921,1700,L,TS,25.9,-81.7,50,999,-999,-999,-999,-999,-999,-999,-999,-999,-999,-999,-999,-999,-999,1999,True
AL131999,IRENE,19991015,1300,L,HU,24.6,-81.6,65,987,-999,-999,-999,-999,-999,-999,-999,-999,-999,-999,-999,-999,30,1999,True
AL131999,IRENE,19991015,2000,L,HU,25.3,-81.1,70,987,-999,-999,-999,-999,-999,-999,-999,-999,-999,-999,-999,-999,40,1999,True
AL112000,GORDON,20000918,300,L,TS,29.3,-83.2,55,991,-999,-999,-999,-999,-999,-999,-999,-999,-999,-999,-999,-999,-999,2000,True
AL122000,HELENE,20000922,1200,L,TS,30.5,-86.6,35,1006,-999,-999,-999,-999,-999,-999,-999,-999,-999,-999,-999,-999,-999,2000,True
AL032001,BARRY,20010806,500,L,TS,30.4,-86.3,60,990,-999,-999,-999,-999,-999,-999,-999,-999,-999,-999,-999,-999,-999,2001,True
AL082001,GABRIELLE,20010914,1200,L,TS,27.1,-82.6,60,983,-999,-999,-999,-999,-999,-999,-999,-999,-999,-999,-999,-999,-999,2001,True
AL052002,EDOUARD,20020905,45,L,TS,29.4,-81.1,35,1009,-999,-999,-999,-999,-999,-999,-999,-999,-999,-999,-999,-999,-999,2002,True
AL122003,HENRI,20030906,900,L,TD,27.9,-82.8,30,1006,-999,-999,-999,-999,-999,-999,-999,-999,-999,-999,-999,-999,-999,2003,True
AL022004,BONNIE,20040812,1400,L,TS,29.6,-85.1,40,1002,-999,-999,-999,-999,-999,-999,-999,-999,-999,-999,-999,-999,-999,2004,True
AL032004,CHARLEY,20040813,1945,L,HU,26.6,-82.2,130,941,-999,-999,-999,-999,-999,-999,-999,-999,-999,-999,-999,-999,5,2004,True
AL032004,CHARLEY,20040813,2045,L,HU,26.9,-82.1,125,942,-999,-999,-999,-999,-999,-999,-999,-999,-999,-999,-999,-999,5,2004,True
AL062004,FRANCES,20040905,430,L,HU,27.2,-80.2,90,960,-999,-999,-999,-999,-999,-999,-999,-999,-999,-999,-999,-999,30,2004,True
AL062004,FRANCES,20040906,1800,L,TS,30.1,-84.0,50,982,60,90,90,0,25,0,0,25,0,0,0,0,-999,2004,True
AL112004,JEANNE,20040926,400,L,HU,27.2,-80.2,105,950,-999,-999,-999,-999,-999,-999,-999,-999,-999,-999,-999,-999,45,2004,True
AL012005,ARLENE,20050611,1900,L,TS,30.3,-87.5,50,991,-999,-999,-999,-999,-999,-999,-999,-999,-999,-999,-999,-999,-999,2005,True
AL042005,DENNIS,20050710,1930,L,HU,30.4,-87.1,105,946,-999,-999,-999,-999,-999,-999,-999,-999,-999,-999,-999,-999,5,2005,True
AL122005,KATRINA,20050825,2230,L,HU,26.0,-80.1,70,984,-999,-999,-999,-999,-999,-999,-999,-999,-999,-999,-999,-999,15,2005,True
AL222005,TAMMY,20051005,2300,L,TS,30.4,-81.4,45,1002,-999,-999,-999,-999,-999,-999,-999,-999,-999,-999,-999,-999,-999,2005,True
AL252005,WILMA,20051024,1030,L,HU,25.9,-81.7,105,950,-999,-999,-999,-999,-999,-999,-999,-999,-999,-999,-999,-999,25,2005,True
AL012006,ALBERTO,20060613,1630,L,TS,29.9,-83.7,40,998,-999,-999,-999,-999,-999,-999,-999,-999,-999,-999,-999,-999,-999,2006,True
AL062006,ERNESTO,20060830,300,L,TS,24.9,-80.6,40,1003,-999,-999,-999,-999,-999,-999,-999,-999,-999,-999,-999,-999,-999,2006,True
AL062006,ERNESTO,20060830,500,L,TS,25.2,-80.7,40,1003,-999,-999,-999,-999,-999,-999,-999,-999,-999,-999,-999,-999,-999,2006,True
AL022007,BARRY,20070602,1400,L,TD,27.5,-82.7,30,1000,0,0,0,0,0,0,0,0,0,0,0,0,-999,2007,True
AL102007,TEN,20070922,0,L,TD,30.4,-86.7,25,1006,0,0,0,0,0,0,0,0,0,0,0,0,-999,2007,True
AL062008,FAY,20080818,2030,L,TS,24.5,-81.8,50,998,-999,-999,-999,-999,-999,-999,-999,-999,-999,-999,-999,-999,-999,2008,True
AL062008,FAY,20080819,845,L,TS,25.9,-81.6,55,991,-999,-999,-999,-999,-999,-999,-999,-999,-999,-999,-999,-999,-999,2008,True
AL062008,FAY,20080821,1900,L,TS,29.3,-81.1,55,993,-999,-999,-999,-999,-999,-999,-999,-999,-999,-999,-999,-999,-999,2008,True
AL062008,FAY,20080823,615,L,TS,29.8,-84.7,45,997,-999,-999,-999,-999,-999,-999,-999,-999,-999,-999,-999,-999,-999,2008,True
AL042009,CLAUDETTE,20090817,530,L,TS,30.4,-86.5,40,1005,-999,-999,-999,-999,-999,-999,-999,-999,-999,-999,-999,-999,-999,2009,True
AL032010,BONNIE,20100723,1430,L,TS,25.4,-80.2,35,1007,75,40,0,40,0,0,0,0,0,0,0,0,-999,2010,True
AL022012,BERYL,20120528,410,L,TS,30.2,-81.4,55,994,100,100,20,80,40,0,0,30,0,0,0,0,-999,2012,True
AL042012,DEBBY,20120626,2100,L,TS,29.3,-83.2,35,995,50,150,0,30,0,0,0,0,0,0,0,0,-999,2012,True
AL012013,ANDREA,20130606,2200,L,TS,29.5,-83.4,50,992,80,120,60,60,30,30,0,0,0,0,0,0,-999,2013,True
AL032016,COLIN,20160607,200,L,TS,29.8,-83.6,45,1001,100,200,0,0,0,0,0,0,0,0,0,0,-999,2016,True
AL092016,HERMINE,20160902,530,L,HU,30.1,-84.1,70,981,130,150,60,60,70,110,40,30,30,40,30,0,20,2016,True
AL112016,JULIA,20160913,600,L,TD,27.3,-80.2,30,1010,0,0,0,0,0,0,0,0,0,0,0,0,-999,2016,True
AL062017,EMILY,20170731,1445,L,TS,27.5,-82.7,50,1001,20,50,40,0,0,20,20,0,0,0,0,0,-999,2017,True
AL112017,IRMA,20170910,1300,L,HU,24.7,-81.5,115,931,270,180,140,210,120,120,80,110,70,60,30,50,10,2017,True
AL112017,IRMA,20170910,1930,L,HU,25.9,-81.7,100,936,330,190,140,220,130,130,80,110,70,60,30,50,15,2017,True
AL012018,ALBERTO,20180528,2100,L,TS,30.3,-86.0,40,992,80,60,40,60,0,0,0,0,0,0,0,0,-999,2018,True
AL072018,GORDON,20180903,1115,L,TS,25.0,-80.5,45,1006,40,40,0,0,0,0,0,0,0,0,0,0,-999,2018,True
AL072018,GORDON,20180903,1315,L,TS,25.2,-80.9,45,1006,40,40,0,0,0,0,0,0,0,0,0,0,-999,2018,True
AL142018,MICHAEL,20181010,1730,L,HU,30.0,-85.5,140,919,90,140,100,80,60,80,50,50,35,35,25,25,10,2018,True
AL192020,SALLY,20200912,600,L,TD,25.6,-80.2,30,1003,0,0,0,0,0,0,0,0,0,0,0,0,-999,2020,True
AL292020,ETA,20201109,400,L,TS,24.9,-80.7,55,993,220,100,30,140,40,40,0,30,0,0,0,0,-999,2020,True
AL292020,ETA,20201112,920,L,TS,29.2,-82.9,45,996,60,100,40,60,0,0,0,0,0,0,0,0,-999,2020,True
AL052021,ELSA,20210707,1430,L,TS,29.8,-83.5,55,1000,70,80,0,50,30,30,0,0,0,0,0,0,25,2021,True
AL062021,FRED,20210816,1900,L,TS,29.7,-85.4,55,991,100,100,30,40,50,50,0,20,0,0,0,0,30,2021,True
AL132021,MINDY,20210909,115,L,TS,29.7,-85.1,50,1000,0,40,0,0,0,30,0,0,0,0,0,0,30,2021,True
AL092022,IAN,20220928,200,L,HU,24.6,-82.9,110,952,120,120,100,120,60,60,50,60,35,35,20,20,20,2022,True
AL092022,IAN,20220928,1905,L,HU,26.7,-82.2,130,941,130,150,100,150,50,60,70,80,30,40,30,45,20,2022,True
AL092022,IAN,20220928,2035,L,HU,26.8,-82.0,125,945,130,150,100,150,50,60,70,80,30,40,30,45,20,2022,True
AL172022,NICOLE,20221110,745,L,HU,27.6,-80.3,65,980,390,90,180,300,80,30,20,80,20,20,0,0,20,2022,True
AL172022,NICOLE,20221110,1900,L,TS,29.2,-83.0,40,989,200,60,100,130,0,0,0,0,0,0,0,0,70,2022,True
AL172022,NICOLE,20221111,0,L,TS,30.1,-84.0,35,992,200,60,100,100,0,0,0,0,0,0,0,0,70,2022,True
AL102023,IDALIA,20230830,1145,L,HU,29.9,-83.6,100,950,130,180,50,60,60,50,30,40,20,20,15,10,10,2023,True
